parameter,mean,median,mode,hpd_min,hpd_max,mutant
sigma,0.09641914564730195,0.09631139610293202,0.09616858018442316,0.09054700656544569,0.10208473792117059,Q21A
ep_RA,-10.60857363580459,-10.608901153541929,-10.60896787202346,-10.677627583601154,-10.539327002085109,Q21A
sigma,0.06773264902822992,0.0676722013669113,0.0675777835341774,0.06323245797256788,0.07202402784570085,Q21M
ep_RA,-15.61344972249703,-15.613448451405022,-15.613234607637029,-15.655994990878295,-15.56942522127303,Q21M
sigma,0.08735644814551845,0.08727720716778489,0.08701644409222567,0.0814559103022262,0.09370160954605507,Y20I
ep_RA,-9.807087915568133,-9.806701074991484,-9.806761682474473,-9.881093572170016,-9.730517656057751,Y20I
