parameter,mean,median,mode,hpd_min,hpd_max,mutant
Ka,300.74884482495014,298.1194096397202,292.8035203145289,238.19624082524876,362.1502305278236,F164T
Ki,12.815722488170037,12.744331590148118,12.618914204236011,10.392627295794036,15.370915623536481,F164T
ep_AI,-0.8712578805289376,-0.8715134725810949,-0.8669470129624424,-1.1186505884930042,-0.6140888110721283,F164T
sigma,0.09163167388892877,0.09148835677408715,0.09008539821514955,0.08538261882858858,0.09885288549855935,F164T
Ka,1465.6726069439278,1453.0897230882383,1450.2286811312724,1056.1784959461916,1856.2842497534957,Q294K
Ki,327.0429369233915,325.7541669986057,325.7415059439895,256.53758817941196,389.8468088644133,Q294K
ep_AI,-3.1679241918464767,-3.1687481958960717,-3.1714772349033526,-3.237808127502258,-3.09315725164234,Q294K
sigma,0.07693574959042984,0.07681162432745056,0.07707594387630595,0.07220414508249834,0.08184577929136742,Q294K
Ka,1291.04901176163,134.729266041437,86.51198191549604,2.3488623646314446,2900.9524071569504,Q294R
Ki,722.0550598063758,142.65309226786212,92.03025623628919,2.3989434255380133,2643.7849817881206,Q294R
ep_AI,-2.3560236569470154,-2.3544394339017196,-2.367565696701165,-2.4937306511635366,-2.2172091362600033,Q294R
sigma,0.057088727073576,0.057024209318773084,0.056559405882117116,0.05288118723533587,0.06116062515347967,Q294R
Ka,1160.5133102545046,1132.1850956467288,1130.5717940441089,774.5663003485842,1617.2037498979107,Q294V
Ki,53.076897864049485,52.558048847243434,52.68141334687793,37.532713528002,70.36021771060439,Q294V
ep_AI,7.167366547174739e-05,-0.008853525907810331,-0.019253166761505965,-0.34466791631765004,0.36996164396511594,Q294V
sigma,0.1300064688043343,0.1297928910526939,0.1286580058536072,0.12058804853648854,0.14025115334435778,Q294V
